HBOND_threshold,HBOND_mcc,HBOND_bal_acc,HBOND_f1,HBOND_ap,HBOND_auroc,VDW_threshold,VDW_mcc,VDW_bal_acc,VDW_f1,VDW_ap,VDW_auroc,IONIC_threshold,IONIC_mcc,IONIC_bal_acc,IONIC_f1,IONIC_ap,IONIC_auroc,PIPISTACK_threshold,PIPISTACK_mcc,PIPISTACK_bal_acc,PIPISTACK_f1,PIPISTACK_ap,PIPISTACK_auroc,PICATION_threshold,PICATION_mcc,PICATION_bal_acc,PICATION_f1,PICATION_ap,PICATION_auroc,SSBOND_threshold,SSBOND_mcc,SSBOND_bal_acc,SSBOND_f1,SSBOND_ap,SSBOND_auroc,PIHBOND_threshold,PIHBOND_mcc,PIHBOND_bal_acc,PIHBOND_f1,PIHBOND_ap,PIHBOND_auroc
0.634,0.3566323367153666,0.6632026830745963,0.8404281909887336,0.8767949153521752,0.7534830717996287,0.526,0.19915039075075316,0.5976760467286928,0.5569395290404621,0.6563838931253914,0.6445119578419464,0.192,0.5978162682347677,0.9360674962753355,0.5663769496368616,0.5850885981347894,0.986778286250761,0.43800000000000006,0.8642398495282426,0.989949087965891,0.860936093609361,0.8543988829895095,0.9969700516364879,0.122,0.46302778656011384,0.909841630455499,0.3994110068102338,0.37629159590769834,0.9925884960055039,0.40800000000000003,0.8771764505649883,0.9812420715275143,0.8735955056179775,0.9246375010816262,0.9999024643858779,0.05600000000000001,0.08548635594704053,0.5575786376609011,0.08321775312066575,0.057583994941476105,0.9545767218551353
