model,mean,std
xgboost,0.4948632808310308,0.0035930459542431108
rf,0.49143754174585486,0.0025461536036864556
logreg,0.37716411044928516,0.006748788246750033
